<metadata>
	<idinfo>
		<citation>
			<citeinfo>
				<origin>REQUIRED: The name of an organization or individual that developed the data set.</origin>
				<pubdate>REQUIRED: The date when the data set is published or otherwise made available for release.</pubdate>
				<title>Red HÃƒÂ­drica escala 1:50,000</title>
				<geoform Sync="TRUE">vector digital data</geoform>
				<onlink Sync="TRUE">\\ABNER-PC\C$\SINIT\SINIT.mdb</onlink>
				<ftname Sync="TRUE">m2301vL001970_HN</ftname></citeinfo>
		</citation>
		<descript>
			<abstract>Red hÃƒÂ­drica (rÃƒÂ­os y quebradas) del territorio nacional digitalizada a partir de 279  hojas cartogrÃƒÂ¡ficas escala1:50,000 del Instituto GeogrÃƒÂ¡fico Nacional (IGN). La digitalizaciÃƒÂ³n fuÃƒÂ© realizada en 1994 por el Proyecto Forestal (PROFOR) de la cooperaciÃƒÂ³n Alemana y contraparte de la Administracin Forestal del Estado (AFE-COHDEFOR).

Estas hojas cartogrÃƒÂ¡ficas fueron restituidas en 1970 por el mÃƒÂ©todo estereofotogramÃƒÂ©trico "MULTIPLEX" y "KELSH". basado en fotografÃƒÂ­as areas tomadas en el aÃƒÂ±o 1954. ClasificaciÃƒÂ³n de campo (toponimia) efectuada en 1958 - 1959 y 69.</abstract>
			<purpose>Mostrar la red hÃƒÂ­drica de la RepÃƒÂºblica de Honduras en mapas escala 1:50,000.</purpose>
			<langdata Sync="TRUE">es</langdata></descript>
		<timeperd>
			<timeinfo>
				<sngdate>
					<caldate>REQUIRED: The year (and optionally month, or month and day) for which the data set corresponds to the ground.</caldate>
				</sngdate>
			</timeinfo>
			<current>REQUIRED: The basis on which the time period of content information is determined.</current>
		</timeperd>
		<status>
			<progress>REQUIRED: The state of the data set.</progress>
			<update>REQUIRED: The frequency with which changes and additions are made to the data set after the initial data set is completed.</update>
		</status>
		<spdom>
			<bounding>
				<westbc Sync="TRUE">-89.398347</westbc>
				<eastbc Sync="TRUE">-83.122026</eastbc>
				<northbc Sync="TRUE">16.511855</northbc>
				<southbc Sync="TRUE">12.951548</southbc>
			</bounding>
			<lboundng><leftbc Sync="TRUE">243979.274300</leftbc><rightbc Sync="TRUE">914181.427000</rightbc><bottombc Sync="TRUE">1434872.313000</bottombc><topbc Sync="TRUE">1825555.274100</topbc></lboundng></spdom>
		<keywords>
			<theme>
				<themekt>REQUIRED: Reference to a formally registered thesaurus or a similar authoritative source of theme keywords.</themekt>
				<themekey>red hÃƒÂ­drica</themekey>
				<themekey>rÃƒÂ­os</themekey><themekey>rivers</themekey></theme>
		</keywords>
		<accconst>REQUIRED: Restrictions and legal prerequisites for accessing the data set.</accconst>
		<useconst>REQUIRED: Restrictions and legal prerequisites for using the data set after access is granted.</useconst>
		<native Sync="TRUE">Microsoft Windows Vista Version 6.1 (Build 7600) ; ESRI ArcCatalog 9.3.0.1770</native>
		<natvform Sync="TRUE">Personal GeoDatabase Feature Class</natvform></idinfo>
	<dataqual>
		<lineage>
			<procstep>
				<procdesc>Dataset copied.</procdesc>
				<srcused>\\ABNER-PC\C$\SRIT_FcoMorazan\SRIT-DTR05.mdb</srcused>
				<procdate>20091121</procdate>
				<proctime>11184700</proctime>
			</procstep>
			<procstep><procdesc Sync="TRUE">Metadata imported.</procdesc><srcused Sync="TRUE">C:\Users\ADMINI~1\AppData\Local\Temp\xmlF607.tmp</srcused><procdate Sync="TRUE">20091122</procdate><proctime Sync="TRUE">08044000</proctime></procstep></lineage>
	</dataqual>
	<spdoinfo>
		<direct Sync="TRUE">Vector</direct>
		<ptvctinf><esriterm Name="m2301vL001970_HN"><efeatyp Sync="TRUE">Simple</efeatyp><efeageom Sync="TRUE">3</efeageom><esritopo Sync="TRUE">FALSE</esritopo><efeacnt Sync="TRUE">0</efeacnt><spindex Sync="TRUE">FALSE</spindex><linrefer Sync="TRUE">FALSE</linrefer></esriterm></ptvctinf></spdoinfo>
	<spref>
		<horizsys>
			<planar>
				<planci>
					<plance Sync="TRUE">coordinate pair</plance>
					<coordrep>
						<absres Sync="TRUE">0.000100</absres>
						<ordres Sync="TRUE">0.000100</ordres>
					</coordrep>
					<plandu Sync="TRUE">meters</plandu>
				</planci>
			</planar>
			<geodetic>
				<horizdn Sync="TRUE">D_WGS_1984</horizdn>
				<ellips Sync="TRUE">WGS_1984</ellips>
				<semiaxis Sync="TRUE">6378137.000000</semiaxis>
				<denflat Sync="TRUE">298.257224</denflat>
			</geodetic>
			<cordsysn><geogcsn Sync="TRUE">GCS_WGS_1984</geogcsn><projcsn Sync="TRUE">WGS_1984_UTM_Zone_16N</projcsn></cordsysn></horizsys>
	</spref>
	<eainfo>
		<detailed Name="m2301vL001970_HN">
			<enttyp>
				<enttypl Sync="TRUE">m2301vL001970_HN</enttypl>
				<enttypt Sync="TRUE">Feature Class</enttypt><enttypc Sync="TRUE">0</enttypc></enttyp>
			<attr><attrlabl Sync="TRUE">FID</attrlabl><attalias Sync="TRUE">FID</attalias><attrtype Sync="TRUE">OID</attrtype><attwidth Sync="TRUE">4</attwidth><atprecis Sync="TRUE">0</atprecis><attscale Sync="TRUE">0</attscale><attrdef Sync="TRUE">Internal feature number.</attrdef><attrdefs Sync="TRUE">ESRI</attrdefs><attrdomv><udom Sync="TRUE">Sequential unique whole numbers that are automatically generated.</udom></attrdomv></attr><attr>
				<attrlabl>Shape</attrlabl>
				<attrdef>Feature geometry.</attrdef>
				<attrdefs>ESRI</attrdefs>
				<attrdomv>
					<udom>Coordinates defining the features.</udom>
				</attrdomv>
				<attalias Sync="TRUE">Shape</attalias><attrtype Sync="TRUE">Geometry</attrtype><attwidth Sync="TRUE">0</attwidth><atprecis Sync="TRUE">0</atprecis><attscale Sync="TRUE">0</attscale></attr>
			<attr><attrlabl Sync="TRUE">Codigo</attrlabl><attalias Sync="TRUE">Codigo</attalias><attrtype Sync="TRUE">SmallInteger</attrtype><attwidth Sync="TRUE">4</attwidth><atprecis Sync="TRUE">4</atprecis><attscale Sync="TRUE">0</attscale></attr><attr><attrlabl Sync="TRUE">Descripc</attrlabl><attalias Sync="TRUE">Descripc</attalias><attrtype Sync="TRUE">String</attrtype><attwidth Sync="TRUE">50</attwidth><atprecis Sync="TRUE">0</atprecis><attscale Sync="TRUE">0</attscale></attr><attr><attrlabl Sync="TRUE">Shape_Leng</attrlabl><attalias Sync="TRUE">Shape_Leng</attalias><attrtype Sync="TRUE">Double</attrtype><attwidth Sync="TRUE">19</attwidth><atprecis Sync="TRUE">0</atprecis><attscale Sync="TRUE">0</attscale></attr></detailed>
	</eainfo>
	<distinfo>
		<resdesc>Downloadable Data</resdesc>
	</distinfo>
	<metainfo>
		<metd Sync="TRUE">20091128</metd>
		<metc>
			<cntinfo>
				<cntperp>
					<cntper>Abner Jimenez</cntper>
					<cntorg>REQUIRED: The organization responsible for the metadata information.</cntorg>
				</cntperp>
				<cntaddr>
					<addrtype>REQUIRED: The mailing and/or physical address for the organization or individual.</addrtype>
					<city>REQUIRED: The city of the address.</city>
					<state>REQUIRED: The state or province of the address.</state>
					<postal>REQUIRED: The ZIP or other postal code of the address.</postal>
				</cntaddr>
				<cntvoice>REQUIRED: The telephone number by which individuals can speak to the organization or individual.</cntvoice>
				<cntemail>abnerjhn@gmail.com</cntemail>
			</cntinfo>
		</metc>
		<metstdn Sync="TRUE">FGDC Content Standards for Digital Geospatial Metadata</metstdn>
		<metstdv Sync="TRUE">FGDC-STD-001-1998</metstdv>
		<mettc Sync="TRUE">local time</mettc>
		<metextns>
			<onlink>http://www.esri.com/metadata/esriprof80.html</onlink>
			<metprof>ESRI Metadata Profile</metprof>
		</metextns>
		<langmeta Sync="TRUE">es</langmeta></metainfo>
	<Esri><CreaDate>20120528</CreaDate><CreaTime>15404400</CreaTime><SyncOnce>FALSE</SyncOnce><SyncDate>20120528</SyncDate><SyncTime>16500700</SyncTime><ModDate>20120528</ModDate><ModTime>16500700</ModTime><DataProperties><itemProps><itemName Sync="TRUE">m2301vL001970_HN</itemName><imsContentType Sync="TRUE">002</imsContentType><nativeExtBox><westBL Sync="TRUE">243979.274300</westBL><eastBL Sync="TRUE">914181.427000</eastBL><southBL Sync="TRUE">1434872.313000</southBL><northBL Sync="TRUE">1825555.274100</northBL><exTypeCode Sync="TRUE">1</exTypeCode></nativeExtBox><itemLocation><linkage Sync="TRUE">file://\\SEPWKSSEC050\D$\Escritorio\SINIT SHAPE COMPLETO 28.05.12\m2301vL001970_HN.shp</linkage><protocol Sync="TRUE">Local Area Network</protocol></itemLocation><itemSize Sync="TRUE">0.000</itemSize></itemProps><coordRef><type Sync="TRUE">Projected</type><geogcsn Sync="TRUE">GCS_WGS_1984</geogcsn><projcsn Sync="TRUE">WGS_1984_UTM_Zone_16N</projcsn><peXml Sync="TRUE">&lt;ProjectedCoordinateSystem xsi:type='typens:ProjectedCoordinateSystem' xmlns:xsi='http://www.w3.org/2001/XMLSchema-instance' xmlns:xs='http://www.w3.org/2001/XMLSchema' xmlns:typens='http://www.esri.com/schemas/ArcGIS/10.0'&gt;&lt;WKT&gt;PROJCS[&amp;quot;WGS_1984_UTM_Zone_16N&amp;quot;,GEOGCS[&amp;quot;GCS_WGS_1984&amp;quot;,DATUM[&amp;quot;D_WGS_1984&amp;quot;,SPHEROID[&amp;quot;WGS_1984&amp;quot;,6378137.0,298.257223563]],PRIMEM[&amp;quot;Greenwich&amp;quot;,0.0],UNIT[&amp;quot;Degree&amp;quot;,0.0174532925199433]],PROJECTION[&amp;quot;Transverse_Mercator&amp;quot;],PARAMETER[&amp;quot;False_Easting&amp;quot;,500000.0],PARAMETER[&amp;quot;False_Northing&amp;quot;,0.0],PARAMETER[&amp;quot;Central_Meridian&amp;quot;,-87.0],PARAMETER[&amp;quot;Scale_Factor&amp;quot;,0.9996],PARAMETER[&amp;quot;Latitude_Of_Origin&amp;quot;,0.0],UNIT[&amp;quot;Meter&amp;quot;,1.0],AUTHORITY[&amp;quot;EPSG&amp;quot;,32616]]&lt;/WKT&gt;&lt;XOrigin&gt;-5120900&lt;/XOrigin&gt;&lt;YOrigin&gt;-9998100&lt;/YOrigin&gt;&lt;XYScale&gt;450445547.3910538&lt;/XYScale&gt;&lt;ZOrigin&gt;-100000&lt;/ZOrigin&gt;&lt;ZScale&gt;10000&lt;/ZScale&gt;&lt;MOrigin&gt;-100000&lt;/MOrigin&gt;&lt;MScale&gt;10000&lt;/MScale&gt;&lt;XYTolerance&gt;0.001&lt;/XYTolerance&gt;&lt;ZTolerance&gt;0.001&lt;/ZTolerance&gt;&lt;MTolerance&gt;0.001&lt;/MTolerance&gt;&lt;HighPrecision&gt;true&lt;/HighPrecision&gt;&lt;WKID&gt;32616&lt;/WKID&gt;&lt;/ProjectedCoordinateSystem&gt;</peXml></coordRef><lineage><Process ToolSource="C:\Program Files (x86)\ArcGIS\Desktop10.0\ArcToolbox\Toolboxes\Data Management Tools.tbx\CopyFeatures" Date="20120528" Time="165030">CopyFeatures "D:\Escritorio\SINIT actualizacion 24.042012.mdb\m2301vL001970_HN" "D:\Escritorio\SINIT SHAPE COMPLETO 28.05.12\m2301vL001970_HN.shp" # 0 0 0</Process></lineage></DataProperties><ArcGISFormat>1.0</ArcGISFormat><ArcGISstyle>North American Profile of ISO19115 2003</ArcGISstyle></Esri><dataIdInfo><envirDesc Sync="TRUE">Microsoft Windows Server 2008 R2 Version 6.1 (Build 7600) ; ESRI ArcGIS 10.0.0.2414</envirDesc><dataLang><languageCode Sync="TRUE" value="spa" country="HND"></languageCode></dataLang><idCitation><resTitle Sync="TRUE">m2301vL001970_HN</resTitle><presForm><PresFormCd Sync="TRUE" value="005"></PresFormCd></presForm></idCitation><spatRpType><SpatRepTypCd Sync="TRUE" value="001"></SpatRepTypCd></spatRpType><dataExt><geoEle><GeoBndBox esriExtentType="search"><westBL Sync="TRUE">-89.398347</westBL><eastBL Sync="TRUE">-83.122026</eastBL><northBL Sync="TRUE">16.511855</northBL><southBL Sync="TRUE">12.951548</southBL><exTypeCode Sync="TRUE">1</exTypeCode></GeoBndBox></geoEle></dataExt><geoBox esriExtentType="decdegrees"><westBL Sync="TRUE">-89.398347</westBL><eastBL Sync="TRUE">-83.122026</eastBL><northBL Sync="TRUE">16.511855</northBL><southBL Sync="TRUE">12.951548</southBL><exTypeCode Sync="TRUE">1</exTypeCode></geoBox><descKeys><thesaName uuidref="723f6998-058e-11dc-8314-0800200c9a66"></thesaName><keyword Sync="TRUE">002</keyword></descKeys></dataIdInfo><mdLang><languageCode Sync="TRUE" value="spa"></languageCode></mdLang><mdStanName Sync="TRUE">ISO 19115 Geographic Information - Metadata</mdStanName><mdStanVer Sync="TRUE">DIS_ESRI1.0</mdStanVer><mdChar><CharSetCd Sync="TRUE" value="004"></CharSetCd></mdChar><mdHrLv><ScopeCd Sync="TRUE" value="005"></ScopeCd></mdHrLv><mdHrLvName Sync="TRUE">dataset</mdHrLvName><distInfo><distributor><distorTran><onLineSrc><orDesc Sync="TRUE">002</orDesc><linkage Sync="TRUE">file://\\ABNER-PC\C$\SINIT\SINIT.mdb</linkage><protocol Sync="TRUE">Local Area Network</protocol></onLineSrc></distorTran><distorFormat><formatName Sync="TRUE">Personal GeoDatabase Feature Class</formatName></distorFormat></distributor><distFormat><formatName Sync="TRUE">Shapefile</formatName></distFormat><distTranOps><transSize Sync="TRUE">0.000</transSize></distTranOps></distInfo><refSysInfo><RefSystem><refSysID><identCode Sync="TRUE" code="32616">WGS_1984_UTM_Zone_16N</identCode><idCodeSpace Sync="TRUE">EPSG</idCodeSpace><idVersion Sync="TRUE">7.4.1</idVersion></refSysID></RefSystem></refSysInfo><spatRepInfo><VectSpatRep><topLvl><TopoLevCd Sync="TRUE" value="001"></TopoLevCd></topLvl><geometObjs Name="m2301vL001970_HN"><geoObjTyp><GeoObjTypCd Sync="TRUE" value="002"></GeoObjTypCd><geoObjCnt Sync="TRUE">0</geoObjCnt></geoObjTyp><geoObjCnt Sync="TRUE">119464</geoObjCnt></geometObjs></VectSpatRep></spatRepInfo><mdDateSt Sync="TRUE">20120528</mdDateSt></metadata>
